No.,Utterence,Response,Variation 1,Variation 2,Variation 3
1,"Cable News Network (CNN), the first channel to provide 24-hour television news coverage, was founded by Ted Turner in what year?",1980,In which year did Ted Turner establish the around-the-clock news broadcaster CNN?,"When did Ted Turner launch Cable News Network, the pioneer of 24-hour TV news?",What year marks the founding of CNN by Ted Turner as the first 24-hour news channel?
2,Who was the only fictional character to feature in Time Magazine's 100 most important people of the 20th Century?,BART SIMPSON,Which animated TV figure was the single fictional entrant in Time’s 100 most important people of the 20th century?,Who is the lone fictional individual to appear in Time Magazine’s list of the 20th century’s most influential people?,Identify the cartoon character included among Time’s 100 most significant people of the 20th Century.
3,"This quiz is printed on A4 paper which has a length of 297mm. How wide, in millimetres, is A4 paper?",210,A4 paper measures 297 mm in length; how wide is it in millimetres?,"If this quiz is printed on A4 (297 mm long), what is its width in mm?","Given an A4 sheet is 297 mm long, how many millimetres wide is it on the shorter side?"
4,How long do NFL football teams have to get a play off (the play clock)?,40 Seconds,How many seconds does an NFL team have to snap the ball under the play clock?,"In NFL football, what is the duration of the play clock between downs?","For an NFL offense, how long is the countdown to begin the next play?"
5,John Chapter 11 Verse 35 is the shortest verse in the Bible. How many words make up the verse?,Two,John 11:35 is known as the shortest Bible verse; how many words does it contain?,"In the shortest verse of the Bible (John 11:35), how many English words appear?",How many words make up the famously brief Scripture verse at John 11:35?
6,"The 3rd of his vice presidents (after John Nance Garner and Henry Wallace), who took over the reins of power when FDR kicked off?",Harry Truman,"Who was the third Vice President under FDR, taking office upon Franklin D. Roosevelt’s death?","Which VP followed John Nance Garner and Henry Wallace, then assumed the presidency when FDR passed away?","Name the individual who succeeded FDR as President, having been his third Vice President."
7,In April 1814 which King gained the French throne to begin the Bourbon Restoration?,LOUIS XVIII,"Which monarch reclaimed the French crown in April 1814, kicking off the Bourbon Restoration?",Name the King who ascended to the throne of France in April 1814 to restore the Bourbon line.,"In April 1814, who became the French King, initiating the Bourbon Restoration era?"
8,Which torture chamber was invented by George Orwell?,Room 101,George Orwell coined which fictional torture location in his novel?,"In Orwell’s writing, what is the name of the ominous chamber used for torment?",Which notorious room did George Orwell invent as a place of ultimate dread?
9,How many squares does a Rubik’s Cube have on each side?,9,Each face of a standard Rubik’s Cube contains how many smaller squares?,A single side of a Rubik’s Cube is subdivided into how many distinct sticker squares?,How many individual colored squares are found on one face of a Rubik’s Cube?
10,The SS Titanic sank in which year?,1912,The Titanic met its tragic fate in which calendar year?,In what year did the RMS Titanic sink during its maiden voyage?,"When was the Titanic lost at sea, resulting in a historic maritime disaster?"
11,"In 1984, in Bophal, India, there was a leak of 30 tons of methyl isocyanate, which resulted in the deaths of 25,000 people. What American chemical company owned the plant where the leak occurred?",Union Carbide,Which American chemical firm owned the plant at the heart of the 1984 Bhopal gas leak?,The methyl isocyanate leak in Bhopal occurred at a facility belonging to which U.S. company?,Name the U.S.-based chemical corporation behind the Bhopal plant in 1984.
12,Who had a No 1 in the 80's with Karma Chameleon,Culture Club,Which band scored a No. 1 hit in the 1980s with “Karma Chameleon”?,Name the group that topped the charts with the 80s single “Karma Chameleon.”,Who reached number one in the 1980s performing the track “Karma Chameleon”?
13,"Which Tim Burton film is the highest-grossing film of 2010 and, already, the fifth highest-grossing film of all time worldwide?",'ALICE IN WONDERLAND',Which 2010 Tim Burton movie became one of the highest-grossing films ever worldwide?,Tim Burton directed this adaptation that topped the box office in 2010; what is it called?,Name the Burton film from 2010 that remains among the all-time top five global earners.
14,How many ‘E’ tiles are provided in a Scrabble game?,12,How many ‘E’ tiles are supplied in an English Scrabble set?,What is the total count of letter E pieces in a standard Scrabble game?,Identify the number of E tiles included among the 100-letter Scrabble distribution.
15,"As at early 2015, how many Prime Ministers have served in Australia since 2013?",3,"By early 2015, how many individuals had served as Prime Minister of Australia since 2013?","As of early 2015, the prime ministership in Australia had been held by how many people since 2013?",Count the number of different Prime Ministers Australia saw from 2013 up to early 2015.
16,Which city in Georgia was burned by General Sherman during the American Civil War,Atlanta,Which Georgian city was set ablaze by General Sherman during the Civil War?,General Sherman destroyed which major urban center in Georgia in 1864?,Name the city in Georgia that Sherman’s troops famously burned in the American Civil War.
17,"""Which detective is the protagonist of the novels """"Dead Man's Folly"""", """"Cards on the Table"""" and """"Mrs McGinty's Dead""""?""",(Hercule) Poirot,Which detective appears in the Agatha Christie novels “Dead Man’s Folly” and “Cards on the Table”?,Name the Belgian sleuth featured in “Mrs McGinty’s Dead” and “Dead Man’s Folly.”,Who is the main detective in the Christie mysteries “Cards on the Table” and “Dead Man’s Folly”?
18,How many feet are in a furlong?,660,A furlong corresponds to how many feet in the Imperial system?,"When converted to feet, one furlong equals what distance?",How many feet make up a single furlong?
19,"In years and days, how old was Luigina Giavotti when she won a silver medal in gymnastics in 1928, and is still the youngest medal winner today?",11 years and 302 days,"How old was Luigina Giavotti, in years and days, when she earned her silver medal in 1928?",Specify the exact age of Luigina Giavotti (in years and days) at the time of her 1928 Olympic success.,"At how many years and days did Luigina Giavotti win her 1928 gymnastics silver, maintaining her record as youngest medalist?"
20,Which American naval destroyer was attacked in Aden in October 2000?,U.S.S. COLE,"Which American destroyer fell victim to an attack in Aden, Yemen, in October 2000?",Name the U.S. Navy vessel that was bombed while refueling in Aden in 2000.,Identify the American warship targeted by terrorists in Aden harbor in October of 2000.
21,From around 2566 B.C. to 1311 A.D. what was the world’s tallest building?,Great Pyramid of Giza,Which ancient structure remained the tallest building on Earth from roughly 2566 B.C. to 1311 A.D.?,Name the Egyptian monument that held the title of world’s tallest until the 14th century.,"For over three millennia, which pyramid stood as humanity’s tallest edifice?"
22,Which British fashion designer was commissioned by Stanley Kubrick to design the costumes for the film ‘2001: A Space Odyssey’?,Hardy Amies,Stanley Kubrick commissioned which British couturier to create costumes for “2001: A Space Odyssey”?,Who was the British fashion designer behind the outfits seen in “2001: A Space Odyssey”?,Identify the UK-based designer that Kubrick hired to produce the wardrobe for “2001: A Space Odyssey.”
23,What is commonly known as the 'sport of kings'?,Horse Racing,Which equestrian pastime is traditionally nicknamed the “sport of kings”?,Name the racing event involving thoroughbreds that’s widely called the “sport of kings.”,Which horse-centered activity has long been referred to by many as the “sport of kings”?
24,Which is the largest city in Scandinavia by population ?,STOCKHOLM,Which Scandinavian capital is the most populous city in that region?,Name the Scandinavian metropolis that ranks first by population.,"Among cities in Scandinavia, which one leads in population size?"
25,The Nazi regime was Germany's Third Reich; which was the first Reich?,HOLY ROMAN EMPIRE,"Before the Second and Third Reichs, which historical empire was known as the First Reich of Germany?",The Nazi regime was Germany's Third Reich; what historical entity is considered the First Reich?,"What empire, preceding the Second and Third Reichs, is recognized as Germany’s First Reich?"
